{
    "Metadata":
    {
        "Type": "Azure Sphere Hardware Definition",
        "Version": 1
    },
    "Description":  
    {
        "Name": "AES-MS-MT3620",
        "MainCoreHeaderFileTopContent": [
            "/* Copyright (c) Microsoft Corporation. All rights reserved.",
            "   Licensed under the MIT License. */",
            "",
            "// This header lists the available peripherals for the Avnet AES-MS-MT3620",
            "// and provides the header definition and application manifest values required to use them."
        ]
    },
    "Imports" : [ {"Path": "mt3620.json"} ],
    "Peripherals": [
        {"Name": "AVNET_AESMS_PIN5_GPIO0", "Type": "Gpio", "Mapping": "MT3620_GPIO0", "Comment": "AES-MS-MT3620 pin 5 exposes GPIO 0."},
        {"Name": "AVNET_AESMS_PIN6_GPIO1", "Type": "Gpio", "Mapping": "MT3620_GPIO1", "Comment": "AES-MS-MT3620 pin 6 exposes GPIO 1."},
        {"Name": "AVNET_AESMS_PIN7_GPIO2", "Type": "Gpio", "Mapping": "MT3620_GPIO2", "Comment": "AES-MS-MT3620 pin 7 exposes GPIO 2."},
        {"Name": "AVNET_AESMS_PIN8_GPIO4", "Type": "Gpio", "Mapping": "MT3620_GPIO4", "Comment": "AES-MS-MT3620 pin 8 exposes GPIO 4."},
        {"Name": "AVNET_AESMS_PIN9_GPIO5", "Type": "Gpio", "Mapping": "MT3620_GPIO5", "Comment": "AES-MS-MT3620 pin 9 exposes GPIO 5."},
        {"Name": "AVNET_AESMS_PIN10_GPIO6", "Type": "Gpio", "Mapping": "MT3620_GPIO6", "Comment": "AES-MS-MT3620 pin 10 exposes GPIO 6."},
        {"Name": "AVNET_AESMS_PIN11_GPIO8", "Type": "Gpio", "Mapping": "MT3620_GPIO8", "Comment": "AES-MS-MT3620 pin 11 exposes GPIO 8."},
        {"Name": "AVNET_AESMS_PIN12_GPIO9", "Type": "Gpio", "Mapping": "MT3620_GPIO9", "Comment": "AES-MS-MT3620 pin 12 exposes GPIO 9."},
        {"Name": "AVNET_AESMS_PIN13_GPIO10", "Type": "Gpio", "Mapping": "MT3620_GPIO10", "Comment": "AES-MS-MT3620 pin 13 exposes GPIO 10."},
        {"Name": "AVNET_AESMS_PIN14_GPIO12", "Type": "Gpio", "Mapping": "MT3620_GPIO12", "Comment": "AES-MS-MT3620 pin 14 exposes GPIO 12."},
        {"Name": "AVNET_AESMS_PIN15_GPIO13", "Type": "Gpio", "Mapping": "MT3620_GPIO13", "Comment": "AES-MS-MT3620 pin 15 exposes GPIO 13."},
        {"Name": "AVNET_AESMS_PIN16_GPIO16", "Type": "Gpio", "Mapping": "MT3620_GPIO16", "Comment": "AES-MS-MT3620 pin 16 exposes GPIO 16."},
        {"Name": "AVNET_AESMS_PIN17_GPIO17", "Type": "Gpio", "Mapping": "MT3620_GPIO17", "Comment": "AES-MS-MT3620 pin 17 exposes GPIO 17."},
        {"Name": "AVNET_AESMS_PIN18_GPIO26", "Type": "Gpio", "Mapping": "MT3620_GPIO26", "Comment": "AES-MS-MT3620 pin 18 exposes GPIO 26. Pin shared with SPI0 and UART0."},
        {"Name": "AVNET_AESMS_PIN19_GPIO27", "Type": "Gpio", "Mapping": "MT3620_GPIO27", "Comment": "AES-MS-MT3620 pin 19 exposes GPIO 27. Pin shared with ISU0."},
        {"Name": "AVNET_AESMS_PIN20_GPIO28", "Type": "Gpio", "Mapping": "MT3620_GPIO28", "Comment": "AES-MS-MT3620 pin 20 exposes GPIO 28. Pin shared with ISU0."},
        {"Name": "AVNET_AESMS_PIN21_GPIO29", "Type": "Gpio", "Mapping": "MT3620_GPIO29", "Comment": "AES-MS-MT3620 pin 21 exposes GPIO 29. Pin shared with UART0 and SPI0."},
        {"Name": "AVNET_AESMS_PIN22_GPIO31", "Type": "Gpio", "Mapping": "MT3620_GPIO31", "Comment": "AES-MS-MT3620 pin 22 exposes GPIO 31. Pin shared with SPI1 and UART1."},
        {"Name": "AVNET_AESMS_PIN23_GPIO32", "Type": "Gpio", "Mapping": "MT3620_GPIO32", "Comment": "AES-MS-MT3620 pin 23 exposes GPIO 32. Pin shared with ISU1."},
        {"Name": "AVNET_AESMS_PIN24_GPIO33", "Type": "Gpio", "Mapping": "MT3620_GPIO33", "Comment": "AES-MS-MT3620 pin 24 exposes GPIO 33. Pin shared with ISU1."},
        {"Name": "AVNET_AESMS_PIN25_GPIO34", "Type": "Gpio", "Mapping": "MT3620_GPIO34", "Comment": "AES-MS-MT3620 pin 25 exposes GPIO 34. Pin shared with SPI1 and UART1."},
        {"Name": "AVNET_AESMS_PIN26_GPIO35", "Type": "Gpio", "Mapping": "MT3620_GPIO35", "Comment": "AES-MS-MT3620 pin 26 exposes GPIO 35. Pin shared with SPI1."},
        {"Name": "AVNET_AESMS_PIN27_GPIO37", "Type": "Gpio", "Mapping": "MT3620_GPIO37", "Comment": "AES-MS-MT3620 pin 27 exposes GPIO 37. Pin shared with I2C2."},
        {"Name": "AVNET_AESMS_PIN28_GPIO38", "Type": "Gpio", "Mapping": "MT3620_GPIO38", "Comment": "AES-MS-MT3620 pin 28 exposes GPIO 38. Pin shared with I2C2."},
        {"Name": "AVNET_AESMS_PIN29_GPIO41", "Type": "Gpio", "Mapping": "MT3620_GPIO41", "Comment": "AES-MS-MT3620 pin 29 exposes GPIO 41."},
        {"Name": "AVNET_AESMS_PIN30_GPIO42", "Type": "Gpio", "Mapping": "MT3620_GPIO42", "Comment": "AES-MS-MT3620 pin 30 exposes GPIO 42."},
        {"Name": "AVNET_AESMS_PIN31_GPIO43", "Type": "Gpio", "Mapping": "MT3620_GPIO43", "Comment": "AES-MS-MT3620 pin 31 exposes GPIO 43."},
        {"Name": "AVNET_AESMS_ISU0_UART", "Type": "Uart", "Mapping": "MT3620_ISU0_UART", "Comment": "AES-MS-MT3620 ISU 0 configured as UART, pin 20 (RX), pin 18 (TX), pin 21 (CTS), pin 19 (RTS)."},
        {"Name": "AVNET_AESMS_ISU0_SPI", "Type": "SpiMaster", "Mapping": "MT3620_ISU0_SPI", "Comment": "AES-MS-MT3620 ISU 0 configured as SPI, pin 20 (MISO), pin 18 (SCLK), pin 21 (CSA), pin 19 (MOSI)."},
        {"Name": "AVNET_AESMS_ISU0_I2C", "Type": "I2cMaster", "Mapping": "MT3620_ISU0_I2C", "Comment": "AES-MS-MT3620 ISU 0 configured as I2C,  pin 20 (SDA) and pin 18 (SCL)."},
        {"Name": "AVNET_AESMS_ISU1_UART", "Type": "Uart", "Mapping": "MT3620_ISU1_UART", "Comment": "AES-MS-MT3620 ISU 1 configured as UART, pin 24 (RX), pin 22 (TX), pin 25 (CTS), pin 23 (RTS)."},
        {"Name": "AVNET_AESMS_ISU1_SPI", "Type": "SpiMaster", "Mapping": "MT3620_ISU1_SPI", "Comment": "AES-MS-MT3620 ISU 1 configured as SPI, pin 24 (MISO), pin 22 (SCLK), pin 25 (CSA), pin 23 (MOSI) and pin 26 (CSB)."},
        {"Name": "AVNET_AESMS_ISU1_I2C", "Type": "I2cMaster", "Mapping": "MT3620_ISU1_I2C", "Comment": "AES-MS-MT3620 ISU 1 configured as I2C,  pin 24 (SDA) and pin 23 (SCL)."},
        {"Name": "AVNET_AESMS_ISU2_I2C", "Type": "I2cMaster", "Mapping": "MT3620_ISU2_I2C", "Comment": "AES-MS-MT3620 ISU 2 configured as I2C,  pin 28 (SDA) and pin 27 (SCL)."}
    ]
}
