{
    "Metadata":
    {
        "Type": "Azure Sphere Hardware Definition",
        "Version": 1
    },
    "Description":  
    {
        "Name": "MT3620",
        "MainCoreHeaderFileTopContent": [
            "/* Copyright (c) Microsoft Corporation. All rights reserved.",
            "   Licensed under the MIT License. */",
            "",
            "// This header lists the available peripherals for the Mediatek MT3620",
            "// and provides the header definition and application manifest values required to use them."
        ]
    },
    "Peripherals": [
        {"Name": "MT3620_GPIO0", "Type": "Gpio", "MainCoreHeaderValue": "(0)", "AppManifestValue": 0, "Comment": "MT3620 GPIO 0"},
        {"Name": "MT3620_GPIO1", "Type": "Gpio", "MainCoreHeaderValue": "(1)", "AppManifestValue": 1, "Comment": "MT3620 GPIO 1"},
        {"Name": "MT3620_GPIO2", "Type": "Gpio", "MainCoreHeaderValue": "(2)", "AppManifestValue": 2, "Comment": "MT3620 GPIO 2"},
        {"Name": "MT3620_GPIO3", "Type": "Gpio", "MainCoreHeaderValue": "(3)", "AppManifestValue": 3, "Comment": "MT3620 GPIO 3"},
        {"Name": "MT3620_GPIO4", "Type": "Gpio", "MainCoreHeaderValue": "(4)", "AppManifestValue": 4, "Comment": "MT3620 GPIO 4"},
        {"Name": "MT3620_GPIO5", "Type": "Gpio", "MainCoreHeaderValue": "(5)", "AppManifestValue": 5, "Comment": "MT3620 GPIO 5"},
        {"Name": "MT3620_GPIO6", "Type": "Gpio", "MainCoreHeaderValue": "(6)", "AppManifestValue": 6, "Comment": "MT3620 GPIO 6"},
        {"Name": "MT3620_GPIO7", "Type": "Gpio", "MainCoreHeaderValue": "(7)", "AppManifestValue": 7, "Comment": "MT3620 GPIO 7"},
        {"Name": "MT3620_GPIO8", "Type": "Gpio", "MainCoreHeaderValue": "(8)", "AppManifestValue": 8, "Comment": "MT3620 GPIO 8"},
        {"Name": "MT3620_GPIO9", "Type": "Gpio", "MainCoreHeaderValue": "(9)", "AppManifestValue": 9, "Comment": "MT3620 GPIO 9"},
        {"Name": "MT3620_GPIO10", "Type": "Gpio", "MainCoreHeaderValue": "(10)", "AppManifestValue": 10, "Comment": "MT3620 GPIO 10"},
        {"Name": "MT3620_GPIO11", "Type": "Gpio", "MainCoreHeaderValue": "(11)", "AppManifestValue": 11, "Comment": "MT3620 GPIO 11"},
        {"Name": "MT3620_GPIO12", "Type": "Gpio", "MainCoreHeaderValue": "(12)", "AppManifestValue": 12, "Comment": "MT3620 GPIO 12"},
        {"Name": "MT3620_GPIO13", "Type": "Gpio", "MainCoreHeaderValue": "(13)", "AppManifestValue": 13, "Comment": "MT3620 GPIO 13"},
        {"Name": "MT3620_GPIO14", "Type": "Gpio", "MainCoreHeaderValue": "(14)", "AppManifestValue": 14, "Comment": "MT3620 GPIO 14"},
        {"Name": "MT3620_GPIO15", "Type": "Gpio", "MainCoreHeaderValue": "(15)", "AppManifestValue": 15, "Comment": "MT3620 GPIO 15"},
        {"Name": "MT3620_GPIO16", "Type": "Gpio", "MainCoreHeaderValue": "(16)", "AppManifestValue": 16, "Comment": "MT3620 GPIO 16"},
        {"Name": "MT3620_GPIO17", "Type": "Gpio", "MainCoreHeaderValue": "(17)", "AppManifestValue": 17, "Comment": "MT3620 GPIO 17"},
        {"Name": "MT3620_GPIO18", "Type": "Gpio", "MainCoreHeaderValue": "(18)", "AppManifestValue": 18, "Comment": "MT3620 GPIO 18"},
        {"Name": "MT3620_GPIO19", "Type": "Gpio", "MainCoreHeaderValue": "(19)", "AppManifestValue": 19, "Comment": "MT3620 GPIO 19"},
        {"Name": "MT3620_GPIO20", "Type": "Gpio", "MainCoreHeaderValue": "(20)", "AppManifestValue": 20, "Comment": "MT3620 GPIO 20"},
        {"Name": "MT3620_GPIO21", "Type": "Gpio", "MainCoreHeaderValue": "(21)", "AppManifestValue": 21, "Comment": "MT3620 GPIO 21"},
        {"Name": "MT3620_GPIO22", "Type": "Gpio", "MainCoreHeaderValue": "(22)", "AppManifestValue": 22, "Comment": "MT3620 GPIO 22"},
        {"Name": "MT3620_GPIO23", "Type": "Gpio", "MainCoreHeaderValue": "(23)", "AppManifestValue": 23, "Comment": "MT3620 GPIO 23"},
        {"Name": "MT3620_GPIO26", "Type": "Gpio", "MainCoreHeaderValue": "(26)", "AppManifestValue": 26, "Comment": "MT3620 GPIO 26. Pin shared with ISU0"},
        {"Name": "MT3620_GPIO27", "Type": "Gpio", "MainCoreHeaderValue": "(27)", "AppManifestValue": 27, "Comment": "MT3620 GPIO 27. Pin shared with ISU0"},
        {"Name": "MT3620_GPIO28", "Type": "Gpio", "MainCoreHeaderValue": "(28)", "AppManifestValue": 28, "Comment": "MT3620 GPIO 28. Pin shared with ISU0"},
        {"Name": "MT3620_GPIO29", "Type": "Gpio", "MainCoreHeaderValue": "(29)", "AppManifestValue": 29, "Comment": "MT3620 GPIO 29. Pin shared with ISU0"},
        {"Name": "MT3620_GPIO30", "Type": "Gpio", "MainCoreHeaderValue": "(30)", "AppManifestValue": 30, "Comment": "MT3620 GPIO 30. Pin shared with ISU0"},        
        {"Name": "MT3620_GPIO31", "Type": "Gpio", "MainCoreHeaderValue": "(31)", "AppManifestValue": 31, "Comment": "MT3620 GPIO 31. Pin shared with ISU1"},
        {"Name": "MT3620_GPIO32", "Type": "Gpio", "MainCoreHeaderValue": "(32)", "AppManifestValue": 32, "Comment": "MT3620 GPIO 32. Pin shared with ISU1"},
        {"Name": "MT3620_GPIO33", "Type": "Gpio", "MainCoreHeaderValue": "(33)", "AppManifestValue": 33, "Comment": "MT3620 GPIO 33. Pin shared with ISU1"},
        {"Name": "MT3620_GPIO34", "Type": "Gpio", "MainCoreHeaderValue": "(34)", "AppManifestValue": 34, "Comment": "MT3620 GPIO 34. Pin shared with ISU1"},
        {"Name": "MT3620_GPIO35", "Type": "Gpio", "MainCoreHeaderValue": "(35)", "AppManifestValue": 35, "Comment": "MT3620 GPIO 35. Pin shared with ISU1"},
        {"Name": "MT3620_GPIO36", "Type": "Gpio", "MainCoreHeaderValue": "(36)", "AppManifestValue": 36, "Comment": "MT3620 GPIO 36. Pin shared with ISU2"},
        {"Name": "MT3620_GPIO37", "Type": "Gpio", "MainCoreHeaderValue": "(37)", "AppManifestValue": 37, "Comment": "MT3620 GPIO 37. Pin shared with ISU2"},
        {"Name": "MT3620_GPIO38", "Type": "Gpio", "MainCoreHeaderValue": "(38)", "AppManifestValue": 38, "Comment": "MT3620 GPIO 38. Pin shared with ISU2"},
        {"Name": "MT3620_GPIO39", "Type": "Gpio", "MainCoreHeaderValue": "(39)", "AppManifestValue": 39, "Comment": "MT3620 GPIO 39. Pin shared with ISU2"},
        {"Name": "MT3620_GPIO40", "Type": "Gpio", "MainCoreHeaderValue": "(40)", "AppManifestValue": 40, "Comment": "MT3620 GPIO 40. Pin shared with ISU2"},
        {"Name": "MT3620_GPIO41", "Type": "Gpio", "MainCoreHeaderValue": "(41)", "AppManifestValue": 41, "Comment": "MT3620 GPIO 41"},
        {"Name": "MT3620_GPIO42", "Type": "Gpio", "MainCoreHeaderValue": "(42)", "AppManifestValue": 42, "Comment": "MT3620 GPIO 42"},
        {"Name": "MT3620_GPIO43", "Type": "Gpio", "MainCoreHeaderValue": "(43)", "AppManifestValue": 43, "Comment": "MT3620 GPIO 43"},
        {"Name": "MT3620_GPIO44", "Type": "Gpio", "MainCoreHeaderValue": "(44)", "AppManifestValue": 44, "Comment": "MT3620 GPIO 44"},
        {"Name": "MT3620_GPIO45", "Type": "Gpio", "MainCoreHeaderValue": "(45)", "AppManifestValue": 45, "Comment": "MT3620 GPIO 45"},
        {"Name": "MT3620_GPIO46", "Type": "Gpio", "MainCoreHeaderValue": "(46)", "AppManifestValue": 46, "Comment": "MT3620 GPIO 46"},
        {"Name": "MT3620_GPIO47", "Type": "Gpio", "MainCoreHeaderValue": "(47)", "AppManifestValue": 47, "Comment": "MT3620 GPIO 47"},
        {"Name": "MT3620_GPIO48", "Type": "Gpio", "MainCoreHeaderValue": "(48)", "AppManifestValue": 48, "Comment": "MT3620 GPIO 48"},
        {"Name": "MT3620_GPIO56", "Type": "Gpio", "MainCoreHeaderValue": "(56)", "AppManifestValue": 56, "Comment": "MT3620 GPIO 56"},
        {"Name": "MT3620_GPIO57", "Type": "Gpio", "MainCoreHeaderValue": "(57)", "AppManifestValue": 57, "Comment": "MT3620 GPIO 57"},
        {"Name": "MT3620_GPIO58", "Type": "Gpio", "MainCoreHeaderValue": "(58)", "AppManifestValue": 58, "Comment": "MT3620 GPIO 58"},
        {"Name": "MT3620_GPIO59", "Type": "Gpio", "MainCoreHeaderValue": "(59)", "AppManifestValue": 59, "Comment": "MT3620 GPIO 59"},
        {"Name": "MT3620_GPIO60", "Type": "Gpio", "MainCoreHeaderValue": "(60)", "AppManifestValue": 60, "Comment": "MT3620 GPIO 60"},
        {"Name": "MT3620_GPIO61", "Type": "Gpio", "MainCoreHeaderValue": "(61)", "AppManifestValue": 61, "Comment": "MT3620 GPIO 61"},
        {"Name": "MT3620_GPIO62", "Type": "Gpio", "MainCoreHeaderValue": "(62)", "AppManifestValue": 62, "Comment": "MT3620 GPIO 62"},
        {"Name": "MT3620_GPIO63", "Type": "Gpio", "MainCoreHeaderValue": "(63)", "AppManifestValue": 63, "Comment": "MT3620 GPIO 63"},
        {"Name": "MT3620_GPIO64", "Type": "Gpio", "MainCoreHeaderValue": "(64)", "AppManifestValue": 64, "Comment": "MT3620 GPIO 64"},
        {"Name": "MT3620_GPIO65", "Type": "Gpio", "MainCoreHeaderValue": "(65)", "AppManifestValue": 65, "Comment": "MT3620 GPIO 65"},
        {"Name": "MT3620_GPIO66", "Type": "Gpio", "MainCoreHeaderValue": "(66)", "AppManifestValue": 66, "Comment": "MT3620 GPIO 66. Pin shared with ISU3"},
        {"Name": "MT3620_GPIO67", "Type": "Gpio", "MainCoreHeaderValue": "(67)", "AppManifestValue": 67, "Comment": "MT3620 GPIO 67. Pin shared with ISU3"},
        {"Name": "MT3620_GPIO68", "Type": "Gpio", "MainCoreHeaderValue": "(68)", "AppManifestValue": 68, "Comment": "MT3620 GPIO 68. Pin shared with ISU3"},
        {"Name": "MT3620_GPIO69", "Type": "Gpio", "MainCoreHeaderValue": "(69)", "AppManifestValue": 69, "Comment": "MT3620 GPIO 69. Pin shared with ISU3"},
        {"Name": "MT3620_GPIO70", "Type": "Gpio", "MainCoreHeaderValue": "(70)", "AppManifestValue": 70, "Comment": "MT3620 GPIO 70. Pin shared with ISU3"},
        {"Name": "MT3620_GPIO71", "Type": "Gpio", "MainCoreHeaderValue": "(71)", "AppManifestValue": 71, "Comment": "MT3620 GPIO 71. Pin shared with ISU4"},
        {"Name": "MT3620_GPIO72", "Type": "Gpio", "MainCoreHeaderValue": "(72)", "AppManifestValue": 72, "Comment": "MT3620 GPIO 72. Pin shared with ISU4"},
        {"Name": "MT3620_GPIO73", "Type": "Gpio", "MainCoreHeaderValue": "(73)", "AppManifestValue": 73, "Comment": "MT3620 GPIO 73. Pin shared with ISU4"},
        {"Name": "MT3620_GPIO74", "Type": "Gpio", "MainCoreHeaderValue": "(74)", "AppManifestValue": 74, "Comment": "MT3620 GPIO 74. Pin shared with ISU4"},
        {"Name": "MT3620_GPIO75", "Type": "Gpio", "MainCoreHeaderValue": "(75)", "AppManifestValue": 75, "Comment": "MT3620 GPIO 75. Pin shared with ISU4"},
        {"Name": "MT3620_GPIO80", "Type": "Gpio", "MainCoreHeaderValue": "(80)", "AppManifestValue": 80, "Comment": "MT3620 GPIO 80"},
        {"Name": "MT3620_ISU0_I2C", "Type": "I2cMaster", "MainCoreHeaderValue": "(0)", "AppManifestValue": "ISU0", "Comment": "MT3620 ISU 0 configured as I2C"},
        {"Name": "MT3620_ISU1_I2C", "Type": "I2cMaster", "MainCoreHeaderValue": "(1)", "AppManifestValue": "ISU1", "Comment": "MT3620 ISU 1 configured as I2C"},
        {"Name": "MT3620_ISU2_I2C", "Type": "I2cMaster", "MainCoreHeaderValue": "(2)", "AppManifestValue": "ISU2", "Comment": "MT3620 ISU 2 configured as I2C"},
        {"Name": "MT3620_ISU3_I2C", "Type": "I2cMaster", "MainCoreHeaderValue": "(3)", "AppManifestValue": "ISU3", "Comment": "MT3620 ISU 3 configured as I2C"},
        {"Name": "MT3620_ISU4_I2C", "Type": "I2cMaster", "MainCoreHeaderValue": "(4)", "AppManifestValue": "ISU4", "Comment": "MT3620 ISU 4 configured as I2C"},
        {"Name": "MT3620_ISU0_SPI", "Type": "SpiMaster", "MainCoreHeaderValue": "(0)", "AppManifestValue": "ISU0", "Comment": "MT3620 ISU 0 configured as SPI"},
        {"Name": "MT3620_ISU1_SPI", "Type": "SpiMaster", "MainCoreHeaderValue": "(1)", "AppManifestValue": "ISU1", "Comment": "MT3620 ISU 1 configured as SPI"},
        {"Name": "MT3620_ISU2_SPI", "Type": "SpiMaster", "MainCoreHeaderValue": "(2)", "AppManifestValue": "ISU2", "Comment": "MT3620 ISU 2 configured as SPI"},
        {"Name": "MT3620_ISU3_SPI", "Type": "SpiMaster", "MainCoreHeaderValue": "(3)", "AppManifestValue": "ISU3", "Comment": "MT3620 ISU 3 configured as SPI"},
        {"Name": "MT3620_ISU4_SPI", "Type": "SpiMaster", "MainCoreHeaderValue": "(4)", "AppManifestValue": "ISU4", "Comment": "MT3620 ISU 4 configured as SPI"},
        {"Name": "MT3620_ISU0_UART", "Type": "Uart", "MainCoreHeaderValue": "(4)", "AppManifestValue": "ISU0", "Comment": "MT3620 ISU 0 configured as UART"},
        {"Name": "MT3620_ISU1_UART", "Type": "Uart", "MainCoreHeaderValue": "(5)", "AppManifestValue": "ISU1", "Comment": "MT3620 ISU 1 configured as UART"},
        {"Name": "MT3620_ISU2_UART", "Type": "Uart", "MainCoreHeaderValue": "(6)", "AppManifestValue": "ISU2", "Comment": "MT3620 ISU 2 configured as UART"},
        {"Name": "MT3620_ISU3_UART", "Type": "Uart", "MainCoreHeaderValue": "(7)", "AppManifestValue": "ISU3", "Comment": "MT3620 ISU 3 configured as UART"},
        {"Name": "MT3620_ISU4_UART", "Type": "Uart", "MainCoreHeaderValue": "(8)", "AppManifestValue": "ISU4", "Comment": "MT3620 ISU 4 configured as UART"},
        {"Name": "MT3620_SPI_CS_A", "Type": "int", "MainCoreHeaderValue": "(-1)", "Comment": "MT3620 SPI CS A, it must not be used as a peripheral in app_manifest"},
        {"Name": "MT3620_SPI_CS_B", "Type": "int", "MainCoreHeaderValue": "(-2)", "Comment": "MT3620 SPI CS B, it must not be used as a peripheral in app_manifest"}
    ]
}
